value,name,icon,date
0,Algeria,algeria.svg.png,1930-07-01
0,Algeria,algeria.svg.png,1934-07-01
0,Algeria,algeria.svg.png,1938-07-01
0,Algeria,algeria.svg.png,1950-07-01
0,Algeria,algeria.svg.png,1954-07-01
0,Algeria,algeria.svg.png,1958-07-01
0,Algeria,algeria.svg.png,1962-07-01
0,Algeria,algeria.svg.png,1966-07-01
0,Algeria,algeria.svg.png,1970-07-01
0,Algeria,algeria.svg.png,1974-07-01
0,Algeria,algeria.svg.png,1978-07-01
5,Algeria,algeria.svg.png,1982-07-01
6,Algeria,algeria.svg.png,1986-07-01
6,Algeria,algeria.svg.png,1990-07-01
6,Algeria,algeria.svg.png,1994-07-01
6,Algeria,algeria.svg.png,1998-07-01
6,Algeria,algeria.svg.png,2002-07-01
6,Algeria,algeria.svg.png,2006-07-01
6,Algeria,algeria.svg.png,2010-07-01
13,Algeria,algeria.svg.png,2014-07-01
13,Algeria,algeria.svg.png,2018-07-01
0,Angola,angola.svg.png,1930-07-01
0,Angola,angola.svg.png,1934-07-01
0,Angola,angola.svg.png,1938-07-01
0,Angola,angola.svg.png,1950-07-01
0,Angola,angola.svg.png,1954-07-01
0,Angola,angola.svg.png,1958-07-01
0,Angola,angola.svg.png,1962-07-01
0,Angola,angola.svg.png,1966-07-01
0,Angola,angola.svg.png,1970-07-01
0,Angola,angola.svg.png,1974-07-01
0,Angola,angola.svg.png,1978-07-01
0,Angola,angola.svg.png,1982-07-01
0,Angola,angola.svg.png,1986-07-01
0,Angola,angola.svg.png,1990-07-01
0,Angola,angola.svg.png,1994-07-01
0,Angola,angola.svg.png,1998-07-01
0,Angola,angola.svg.png,2002-07-01
1,Angola,angola.svg.png,2006-07-01
1,Angola,angola.svg.png,2010-07-01
1,Angola,angola.svg.png,2014-07-01
1,Angola,angola.svg.png,2018-07-01
18,Argentina,argentina.svg.png,1930-07-01
20,Argentina,argentina.svg.png,1934-07-01
20,Argentina,argentina.svg.png,1938-07-01
20,Argentina,argentina.svg.png,1950-07-01
20,Argentina,argentina.svg.png,1954-07-01
25,Argentina,argentina.svg.png,1958-07-01
27,Argentina,argentina.svg.png,1962-07-01
31,Argentina,argentina.svg.png,1966-07-01
31,Argentina,argentina.svg.png,1970-07-01
40,Argentina,argentina.svg.png,1974-07-01
55,Argentina,argentina.svg.png,1978-07-01
63,Argentina,argentina.svg.png,1982-07-01
77,Argentina,argentina.svg.png,1986-07-01
82,Argentina,argentina.svg.png,1990-07-01
90,Argentina,argentina.svg.png,1994-07-01
100,Argentina,argentina.svg.png,1998-07-01
102,Argentina,argentina.svg.png,2002-07-01
113,Argentina,argentina.svg.png,2006-07-01
123,Argentina,argentina.svg.png,2010-07-01
131,Argentina,argentina.svg.png,2014-07-01
137,Argentina,argentina.svg.png,2018-07-01
0,Australia,australia.svg.png,1930-07-01
0,Australia,australia.svg.png,1934-07-01
0,Australia,australia.svg.png,1938-07-01
0,Australia,australia.svg.png,1950-07-01
0,Australia,australia.svg.png,1954-07-01
0,Australia,australia.svg.png,1958-07-01
0,Australia,australia.svg.png,1962-07-01
0,Australia,australia.svg.png,1966-07-01
0,Australia,australia.svg.png,1970-07-01
0,Australia,australia.svg.png,1974-07-01
0,Australia,australia.svg.png,1978-07-01
0,Australia,australia.svg.png,1982-07-01
0,Australia,australia.svg.png,1986-07-01
0,Australia,australia.svg.png,1990-07-01
0,Australia,australia.svg.png,1994-07-01
0,Australia,australia.svg.png,1998-07-01
0,Australia,australia.svg.png,2002-07-01
5,Australia,australia.svg.png,2006-07-01
8,Australia,australia.svg.png,2010-07-01
11,Australia,australia.svg.png,2014-07-01
13,Australia,australia.svg.png,2018-07-01
0,Austria,austria.svg.png,1930-07-01
7,Austria,austria.svg.png,1934-07-01
7,Austria,austria.svg.png,1938-07-01
7,Austria,austria.svg.png,1950-07-01
24,Austria,austria.svg.png,1954-07-01
26,Austria,austria.svg.png,1958-07-01
26,Austria,austria.svg.png,1962-07-01
26,Austria,austria.svg.png,1966-07-01
26,Austria,austria.svg.png,1970-07-01
26,Austria,austria.svg.png,1974-07-01
33,Austria,austria.svg.png,1978-07-01
38,Austria,austria.svg.png,1982-07-01
38,Austria,austria.svg.png,1986-07-01
40,Austria,austria.svg.png,1990-07-01
40,Austria,austria.svg.png,1994-07-01
43,Austria,austria.svg.png,1998-07-01
43,Austria,austria.svg.png,2002-07-01
43,Austria,austria.svg.png,2006-07-01
43,Austria,austria.svg.png,2010-07-01
43,Austria,austria.svg.png,2014-07-01
43,Austria,austria.svg.png,2018-07-01
0,Belgium,belgium.svg.png,1930-07-01
2,Belgium,belgium.svg.png,1934-07-01
3,Belgium,belgium.svg.png,1938-07-01
3,Belgium,belgium.svg.png,1950-07-01
8,Belgium,belgium.svg.png,1954-07-01
8,Belgium,belgium.svg.png,1958-07-01
8,Belgium,belgium.svg.png,1962-07-01
8,Belgium,belgium.svg.png,1966-07-01
12,Belgium,belgium.svg.png,1970-07-01
12,Belgium,belgium.svg.png,1974-07-01
12,Belgium,belgium.svg.png,1978-07-01
15,Belgium,belgium.svg.png,1982-07-01
27,Belgium,belgium.svg.png,1986-07-01
33,Belgium,belgium.svg.png,1990-07-01
37,Belgium,belgium.svg.png,1994-07-01
40,Belgium,belgium.svg.png,1998-07-01
46,Belgium,belgium.svg.png,2002-07-01
46,Belgium,belgium.svg.png,2006-07-01
46,Belgium,belgium.svg.png,2010-07-01
52,Belgium,belgium.svg.png,2014-07-01
68,Belgium,belgium.svg.png,2018-07-01
0,Bolivia,bolivia.svg.png,1930-07-01
0,Bolivia,bolivia.svg.png,1934-07-01
0,Bolivia,bolivia.svg.png,1938-07-01
0,Bolivia,bolivia.svg.png,1950-07-01
0,Bolivia,bolivia.svg.png,1954-07-01
0,Bolivia,bolivia.svg.png,1958-07-01
0,Bolivia,bolivia.svg.png,1962-07-01
0,Bolivia,bolivia.svg.png,1966-07-01
0,Bolivia,bolivia.svg.png,1970-07-01
0,Bolivia,bolivia.svg.png,1974-07-01
0,Bolivia,bolivia.svg.png,1978-07-01
0,Bolivia,bolivia.svg.png,1982-07-01
0,Bolivia,bolivia.svg.png,1986-07-01
0,Bolivia,bolivia.svg.png,1990-07-01
1,Bolivia,bolivia.svg.png,1994-07-01
1,Bolivia,bolivia.svg.png,1998-07-01
1,Bolivia,bolivia.svg.png,2002-07-01
1,Bolivia,bolivia.svg.png,2006-07-01
1,Bolivia,bolivia.svg.png,2010-07-01
1,Bolivia,bolivia.svg.png,2014-07-01
1,Bolivia,bolivia.svg.png,2018-07-01
0,Bosnia and Herzegovina,bosnia_and_herzegovina.svg.png,1930-07-01
0,Bosnia and Herzegovina,bosnia_and_herzegovina.svg.png,1934-07-01
0,Bosnia and Herzegovina,bosnia_and_herzegovina.svg.png,1938-07-01
0,Bosnia and Herzegovina,bosnia_and_herzegovina.svg.png,1950-07-01
0,Bosnia and Herzegovina,bosnia_and_herzegovina.svg.png,1954-07-01
0,Bosnia and Herzegovina,bosnia_and_herzegovina.svg.png,1958-07-01
0,Bosnia and Herzegovina,bosnia_and_herzegovina.svg.png,1962-07-01
0,Bosnia and Herzegovina,bosnia_and_herzegovina.svg.png,1966-07-01
0,Bosnia and Herzegovina,bosnia_and_herzegovina.svg.png,1970-07-01
0,Bosnia and Herzegovina,bosnia_and_herzegovina.svg.png,1974-07-01
0,Bosnia and Herzegovina,bosnia_and_herzegovina.svg.png,1978-07-01
0,Bosnia and Herzegovina,bosnia_and_herzegovina.svg.png,1982-07-01
0,Bosnia and Herzegovina,bosnia_and_herzegovina.svg.png,1986-07-01
0,Bosnia and Herzegovina,bosnia_and_herzegovina.svg.png,1990-07-01
0,Bosnia and Herzegovina,bosnia_and_herzegovina.svg.png,1994-07-01
0,Bosnia and Herzegovina,bosnia_and_herzegovina.svg.png,1998-07-01
0,Bosnia and Herzegovina,bosnia_and_herzegovina.svg.png,2002-07-01
0,Bosnia and Herzegovina,bosnia_and_herzegovina.svg.png,2006-07-01
0,Bosnia and Herzegovina,bosnia_and_herzegovina.svg.png,2010-07-01
4,Bosnia and Herzegovina,bosnia_and_herzegovina.svg.png,2014-07-01
4,Bosnia and Herzegovina,bosnia_and_herzegovina.svg.png,2018-07-01
5,Brazil,brazil.svg.png,1930-07-01
6,Brazil,brazil.svg.png,1934-07-01
20,Brazil,brazil.svg.png,1938-07-01
42,Brazil,brazil.svg.png,1950-07-01
50,Brazil,brazil.svg.png,1954-07-01
66,Brazil,brazil.svg.png,1958-07-01
80,Brazil,brazil.svg.png,1962-07-01
84,Brazil,brazil.svg.png,1966-07-01
103,Brazil,brazil.svg.png,1970-07-01
109,Brazil,brazil.svg.png,1974-07-01
119,Brazil,brazil.svg.png,1978-07-01
134,Brazil,brazil.svg.png,1982-07-01
144,Brazil,brazil.svg.png,1986-07-01
148,Brazil,brazil.svg.png,1990-07-01
159,Brazil,brazil.svg.png,1994-07-01
173,Brazil,brazil.svg.png,1998-07-01
191,Brazil,brazil.svg.png,2002-07-01
201,Brazil,brazil.svg.png,2006-07-01
210,Brazil,brazil.svg.png,2010-07-01
221,Brazil,brazil.svg.png,2014-07-01
229,Brazil,brazil.svg.png,2018-07-01
0,Bulgaria,bulgaria.svg.png,1930-07-01
0,Bulgaria,bulgaria.svg.png,1934-07-01
0,Bulgaria,bulgaria.svg.png,1938-07-01
0,Bulgaria,bulgaria.svg.png,1950-07-01
0,Bulgaria,bulgaria.svg.png,1954-07-01
0,Bulgaria,bulgaria.svg.png,1958-07-01
1,Bulgaria,bulgaria.svg.png,1962-07-01
2,Bulgaria,bulgaria.svg.png,1966-07-01
7,Bulgaria,bulgaria.svg.png,1970-07-01
9,Bulgaria,bulgaria.svg.png,1974-07-01
9,Bulgaria,bulgaria.svg.png,1978-07-01
9,Bulgaria,bulgaria.svg.png,1982-07-01
11,Bulgaria,bulgaria.svg.png,1986-07-01
11,Bulgaria,bulgaria.svg.png,1990-07-01
21,Bulgaria,bulgaria.svg.png,1994-07-01
22,Bulgaria,bulgaria.svg.png,1998-07-01
22,Bulgaria,bulgaria.svg.png,2002-07-01
22,Bulgaria,bulgaria.svg.png,2006-07-01
22,Bulgaria,bulgaria.svg.png,2010-07-01
22,Bulgaria,bulgaria.svg.png,2014-07-01
22,Bulgaria,bulgaria.svg.png,2018-07-01
0,Cameroon,cameroon.svg.png,1930-07-01
0,Cameroon,cameroon.svg.png,1934-07-01
0,Cameroon,cameroon.svg.png,1938-07-01
0,Cameroon,cameroon.svg.png,1950-07-01
0,Cameroon,cameroon.svg.png,1954-07-01
0,Cameroon,cameroon.svg.png,1958-07-01
0,Cameroon,cameroon.svg.png,1962-07-01
0,Cameroon,cameroon.svg.png,1966-07-01
0,Cameroon,cameroon.svg.png,1970-07-01
0,Cameroon,cameroon.svg.png,1974-07-01
0,Cameroon,cameroon.svg.png,1978-07-01
1,Cameroon,cameroon.svg.png,1982-07-01
1,Cameroon,cameroon.svg.png,1986-07-01
8,Cameroon,cameroon.svg.png,1990-07-01
11,Cameroon,cameroon.svg.png,1994-07-01
13,Cameroon,cameroon.svg.png,1998-07-01
15,Cameroon,cameroon.svg.png,2002-07-01
15,Cameroon,cameroon.svg.png,2006-07-01
17,Cameroon,cameroon.svg.png,2010-07-01
18,Cameroon,cameroon.svg.png,2014-07-01
18,Cameroon,cameroon.svg.png,2018-07-01
0,Canada,canada.svg.png,1930-07-01
0,Canada,canada.svg.png,1934-07-01
0,Canada,canada.svg.png,1938-07-01
0,Canada,canada.svg.png,1950-07-01
0,Canada,canada.svg.png,1954-07-01
0,Canada,canada.svg.png,1958-07-01
0,Canada,canada.svg.png,1962-07-01
0,Canada,canada.svg.png,1966-07-01
0,Canada,canada.svg.png,1970-07-01
0,Canada,canada.svg.png,1974-07-01
0,Canada,canada.svg.png,1978-07-01
0,Canada,canada.svg.png,1982-07-01
0,Canada,canada.svg.png,1986-07-01
0,Canada,canada.svg.png,1990-07-01
0,Canada,canada.svg.png,1994-07-01
0,Canada,canada.svg.png,1998-07-01
0,Canada,canada.svg.png,2002-07-01
0,Canada,canada.svg.png,2006-07-01
0,Canada,canada.svg.png,2010-07-01
0,Canada,canada.svg.png,2014-07-01
0,Canada,canada.svg.png,2018-07-01
5,Chile,chile.svg.png,1930-07-01
5,Chile,chile.svg.png,1934-07-01
5,Chile,chile.svg.png,1938-07-01
10,Chile,chile.svg.png,1950-07-01
10,Chile,chile.svg.png,1954-07-01
10,Chile,chile.svg.png,1958-07-01
20,Chile,chile.svg.png,1962-07-01
22,Chile,chile.svg.png,1966-07-01
22,Chile,chile.svg.png,1970-07-01
23,Chile,chile.svg.png,1974-07-01
23,Chile,chile.svg.png,1978-07-01
26,Chile,chile.svg.png,1982-07-01
26,Chile,chile.svg.png,1986-07-01
26,Chile,chile.svg.png,1990-07-01
26,Chile,chile.svg.png,1994-07-01
31,Chile,chile.svg.png,1998-07-01
31,Chile,chile.svg.png,2002-07-01
31,Chile,chile.svg.png,2006-07-01
34,Chile,chile.svg.png,2010-07-01
40,Chile,chile.svg.png,2014-07-01
40,Chile,chile.svg.png,2018-07-01
0,China PR,china_pr.svg.png,1930-07-01
0,China PR,china_pr.svg.png,1934-07-01
0,China PR,china_pr.svg.png,1938-07-01
0,China PR,china_pr.svg.png,1950-07-01
0,China PR,china_pr.svg.png,1954-07-01
0,China PR,china_pr.svg.png,1958-07-01
0,China PR,china_pr.svg.png,1962-07-01
0,China PR,china_pr.svg.png,1966-07-01
0,China PR,china_pr.svg.png,1970-07-01
0,China PR,china_pr.svg.png,1974-07-01
0,China PR,china_pr.svg.png,1978-07-01
0,China PR,china_pr.svg.png,1982-07-01
0,China PR,china_pr.svg.png,1986-07-01
0,China PR,china_pr.svg.png,1990-07-01
0,China PR,china_pr.svg.png,1994-07-01
0,China PR,china_pr.svg.png,1998-07-01
0,China PR,china_pr.svg.png,2002-07-01
0,China PR,china_pr.svg.png,2006-07-01
0,China PR,china_pr.svg.png,2010-07-01
0,China PR,china_pr.svg.png,2014-07-01
0,China PR,china_pr.svg.png,2018-07-01
0,Colombia,colombia.svg.png,1930-07-01
0,Colombia,colombia.svg.png,1934-07-01
0,Colombia,colombia.svg.png,1938-07-01
0,Colombia,colombia.svg.png,1950-07-01
0,Colombia,colombia.svg.png,1954-07-01
0,Colombia,colombia.svg.png,1958-07-01
5,Colombia,colombia.svg.png,1962-07-01
5,Colombia,colombia.svg.png,1966-07-01
5,Colombia,colombia.svg.png,1970-07-01
5,Colombia,colombia.svg.png,1974-07-01
5,Colombia,colombia.svg.png,1978-07-01
5,Colombia,colombia.svg.png,1982-07-01
5,Colombia,colombia.svg.png,1986-07-01
9,Colombia,colombia.svg.png,1990-07-01
13,Colombia,colombia.svg.png,1994-07-01
14,Colombia,colombia.svg.png,1998-07-01
14,Colombia,colombia.svg.png,2002-07-01
14,Colombia,colombia.svg.png,2006-07-01
14,Colombia,colombia.svg.png,2010-07-01
26,Colombia,colombia.svg.png,2014-07-01
32,Colombia,colombia.svg.png,2018-07-01
0,Costa Rica,costa_rica.svg.png,1930-07-01
0,Costa Rica,costa_rica.svg.png,1934-07-01
0,Costa Rica,costa_rica.svg.png,1938-07-01
0,Costa Rica,costa_rica.svg.png,1950-07-01
0,Costa Rica,costa_rica.svg.png,1954-07-01
0,Costa Rica,costa_rica.svg.png,1958-07-01
0,Costa Rica,costa_rica.svg.png,1962-07-01
0,Costa Rica,costa_rica.svg.png,1966-07-01
0,Costa Rica,costa_rica.svg.png,1970-07-01
0,Costa Rica,costa_rica.svg.png,1974-07-01
0,Costa Rica,costa_rica.svg.png,1978-07-01
0,Costa Rica,costa_rica.svg.png,1982-07-01
0,Costa Rica,costa_rica.svg.png,1986-07-01
4,Costa Rica,costa_rica.svg.png,1990-07-01
4,Costa Rica,costa_rica.svg.png,1994-07-01
4,Costa Rica,costa_rica.svg.png,1998-07-01
9,Costa Rica,costa_rica.svg.png,2002-07-01
12,Costa Rica,costa_rica.svg.png,2006-07-01
12,Costa Rica,costa_rica.svg.png,2010-07-01
17,Costa Rica,costa_rica.svg.png,2014-07-01
19,Costa Rica,costa_rica.svg.png,2018-07-01
0,Croatia,croatia.svg.png,1930-07-01
0,Croatia,croatia.svg.png,1934-07-01
0,Croatia,croatia.svg.png,1938-07-01
0,Croatia,croatia.svg.png,1950-07-01
0,Croatia,croatia.svg.png,1954-07-01
0,Croatia,croatia.svg.png,1958-07-01
0,Croatia,croatia.svg.png,1962-07-01
0,Croatia,croatia.svg.png,1966-07-01
0,Croatia,croatia.svg.png,1970-07-01
0,Croatia,croatia.svg.png,1974-07-01
0,Croatia,croatia.svg.png,1978-07-01
0,Croatia,croatia.svg.png,1982-07-01
0,Croatia,croatia.svg.png,1986-07-01
0,Croatia,croatia.svg.png,1990-07-01
0,Croatia,croatia.svg.png,1994-07-01
11,Croatia,croatia.svg.png,1998-07-01
13,Croatia,croatia.svg.png,2002-07-01
15,Croatia,croatia.svg.png,2006-07-01
15,Croatia,croatia.svg.png,2010-07-01
21,Croatia,croatia.svg.png,2014-07-01
35,Croatia,croatia.svg.png,2018-07-01
0,Cuba,cuba.svg.png,1930-07-01
0,Cuba,cuba.svg.png,1934-07-01
5,Cuba,cuba.svg.png,1938-07-01
5,Cuba,cuba.svg.png,1950-07-01
5,Cuba,cuba.svg.png,1954-07-01
5,Cuba,cuba.svg.png,1958-07-01
5,Cuba,cuba.svg.png,1962-07-01
5,Cuba,cuba.svg.png,1966-07-01
5,Cuba,cuba.svg.png,1970-07-01
5,Cuba,cuba.svg.png,1974-07-01
5,Cuba,cuba.svg.png,1978-07-01
5,Cuba,cuba.svg.png,1982-07-01
5,Cuba,cuba.svg.png,1986-07-01
5,Cuba,cuba.svg.png,1990-07-01
5,Cuba,cuba.svg.png,1994-07-01
5,Cuba,cuba.svg.png,1998-07-01
5,Cuba,cuba.svg.png,2002-07-01
5,Cuba,cuba.svg.png,2006-07-01
5,Cuba,cuba.svg.png,2010-07-01
5,Cuba,cuba.svg.png,2014-07-01
5,Cuba,cuba.svg.png,2018-07-01
0,Czech Republic,czech_republic.svg.png,1930-07-01
0,Czech Republic,czech_republic.svg.png,1934-07-01
0,Czech Republic,czech_republic.svg.png,1938-07-01
0,Czech Republic,czech_republic.svg.png,1950-07-01
0,Czech Republic,czech_republic.svg.png,1954-07-01
0,Czech Republic,czech_republic.svg.png,1958-07-01
0,Czech Republic,czech_republic.svg.png,1962-07-01
0,Czech Republic,czech_republic.svg.png,1966-07-01
0,Czech Republic,czech_republic.svg.png,1970-07-01
0,Czech Republic,czech_republic.svg.png,1974-07-01
0,Czech Republic,czech_republic.svg.png,1978-07-01
0,Czech Republic,czech_republic.svg.png,1982-07-01
0,Czech Republic,czech_republic.svg.png,1986-07-01
0,Czech Republic,czech_republic.svg.png,1990-07-01
0,Czech Republic,czech_republic.svg.png,1994-07-01
0,Czech Republic,czech_republic.svg.png,1998-07-01
0,Czech Republic,czech_republic.svg.png,2002-07-01
3,Czech Republic,czech_republic.svg.png,2006-07-01
3,Czech Republic,czech_republic.svg.png,2010-07-01
3,Czech Republic,czech_republic.svg.png,2014-07-01
3,Czech Republic,czech_republic.svg.png,2018-07-01
0,Czechoslovakia,czechoslovakia.svg.png,1930-07-01
9,Czechoslovakia,czechoslovakia.svg.png,1934-07-01
14,Czechoslovakia,czechoslovakia.svg.png,1938-07-01
14,Czechoslovakia,czechoslovakia.svg.png,1950-07-01
14,Czechoslovakia,czechoslovakia.svg.png,1954-07-01
23,Czechoslovakia,czechoslovakia.svg.png,1958-07-01
30,Czechoslovakia,czechoslovakia.svg.png,1962-07-01
30,Czechoslovakia,czechoslovakia.svg.png,1966-07-01
32,Czechoslovakia,czechoslovakia.svg.png,1970-07-01
32,Czechoslovakia,czechoslovakia.svg.png,1974-07-01
32,Czechoslovakia,czechoslovakia.svg.png,1978-07-01
34,Czechoslovakia,czechoslovakia.svg.png,1982-07-01
34,Czechoslovakia,czechoslovakia.svg.png,1986-07-01
44,Czechoslovakia,czechoslovakia.svg.png,1990-07-01
44,Czechoslovakia,czechoslovakia.svg.png,1994-07-01
44,Czechoslovakia,czechoslovakia.svg.png,1998-07-01
44,Czechoslovakia,czechoslovakia.svg.png,2002-07-01
44,Czechoslovakia,czechoslovakia.svg.png,2006-07-01
44,Czechoslovakia,czechoslovakia.svg.png,2010-07-01
44,Czechoslovakia,czechoslovakia.svg.png,2014-07-01
44,Czechoslovakia,czechoslovakia.svg.png,2018-07-01
0,DR Congo,dr_congo.svg.png,1930-07-01
0,DR Congo,dr_congo.svg.png,1934-07-01
0,DR Congo,dr_congo.svg.png,1938-07-01
0,DR Congo,dr_congo.svg.png,1950-07-01
0,DR Congo,dr_congo.svg.png,1954-07-01
0,DR Congo,dr_congo.svg.png,1958-07-01
0,DR Congo,dr_congo.svg.png,1962-07-01
0,DR Congo,dr_congo.svg.png,1966-07-01
0,DR Congo,dr_congo.svg.png,1970-07-01
0,DR Congo,dr_congo.svg.png,1974-07-01
0,DR Congo,dr_congo.svg.png,1978-07-01
0,DR Congo,dr_congo.svg.png,1982-07-01
0,DR Congo,dr_congo.svg.png,1986-07-01
0,DR Congo,dr_congo.svg.png,1990-07-01
0,DR Congo,dr_congo.svg.png,1994-07-01
0,DR Congo,dr_congo.svg.png,1998-07-01
0,DR Congo,dr_congo.svg.png,2002-07-01
0,DR Congo,dr_congo.svg.png,2006-07-01
0,DR Congo,dr_congo.svg.png,2010-07-01
0,DR Congo,dr_congo.svg.png,2014-07-01
0,DR Congo,dr_congo.svg.png,2018-07-01
0,Denmark,denmark.svg.png,1930-07-01
0,Denmark,denmark.svg.png,1934-07-01
0,Denmark,denmark.svg.png,1938-07-01
0,Denmark,denmark.svg.png,1950-07-01
0,Denmark,denmark.svg.png,1954-07-01
0,Denmark,denmark.svg.png,1958-07-01
0,Denmark,denmark.svg.png,1962-07-01
0,Denmark,denmark.svg.png,1966-07-01
0,Denmark,denmark.svg.png,1970-07-01
0,Denmark,denmark.svg.png,1974-07-01
0,Denmark,denmark.svg.png,1978-07-01
0,Denmark,denmark.svg.png,1982-07-01
10,Denmark,denmark.svg.png,1986-07-01
10,Denmark,denmark.svg.png,1990-07-01
10,Denmark,denmark.svg.png,1994-07-01
19,Denmark,denmark.svg.png,1998-07-01
24,Denmark,denmark.svg.png,2002-07-01
24,Denmark,denmark.svg.png,2006-07-01
27,Denmark,denmark.svg.png,2010-07-01
27,Denmark,denmark.svg.png,2014-07-01
30,Denmark,denmark.svg.png,2018-07-01
0,East Germany,east_germany.svg.png,1930-07-01
0,East Germany,east_germany.svg.png,1934-07-01
0,East Germany,east_germany.svg.png,1938-07-01
0,East Germany,east_germany.svg.png,1950-07-01
0,East Germany,east_germany.svg.png,1954-07-01
0,East Germany,east_germany.svg.png,1958-07-01
0,East Germany,east_germany.svg.png,1962-07-01
0,East Germany,east_germany.svg.png,1966-07-01
0,East Germany,east_germany.svg.png,1970-07-01
5,East Germany,east_germany.svg.png,1974-07-01
5,East Germany,east_germany.svg.png,1978-07-01
5,East Germany,east_germany.svg.png,1982-07-01
5,East Germany,east_germany.svg.png,1986-07-01
5,East Germany,east_germany.svg.png,1990-07-01
5,East Germany,east_germany.svg.png,1994-07-01
5,East Germany,east_germany.svg.png,1998-07-01
5,East Germany,east_germany.svg.png,2002-07-01
5,East Germany,east_germany.svg.png,2006-07-01
5,East Germany,east_germany.svg.png,2010-07-01
5,East Germany,east_germany.svg.png,2014-07-01
5,East Germany,east_germany.svg.png,2018-07-01
0,Ecuador,ecuador.svg.png,1930-07-01
0,Ecuador,ecuador.svg.png,1934-07-01
0,Ecuador,ecuador.svg.png,1938-07-01
0,Ecuador,ecuador.svg.png,1950-07-01
0,Ecuador,ecuador.svg.png,1954-07-01
0,Ecuador,ecuador.svg.png,1958-07-01
0,Ecuador,ecuador.svg.png,1962-07-01
0,Ecuador,ecuador.svg.png,1966-07-01
0,Ecuador,ecuador.svg.png,1970-07-01
0,Ecuador,ecuador.svg.png,1974-07-01
0,Ecuador,ecuador.svg.png,1978-07-01
0,Ecuador,ecuador.svg.png,1982-07-01
0,Ecuador,ecuador.svg.png,1986-07-01
0,Ecuador,ecuador.svg.png,1990-07-01
0,Ecuador,ecuador.svg.png,1994-07-01
0,Ecuador,ecuador.svg.png,1998-07-01
2,Ecuador,ecuador.svg.png,2002-07-01
7,Ecuador,ecuador.svg.png,2006-07-01
7,Ecuador,ecuador.svg.png,2010-07-01
10,Ecuador,ecuador.svg.png,2014-07-01
10,Ecuador,ecuador.svg.png,2018-07-01
0,Egypt,egypt.svg.png,1930-07-01
2,Egypt,egypt.svg.png,1934-07-01
2,Egypt,egypt.svg.png,1938-07-01
2,Egypt,egypt.svg.png,1950-07-01
2,Egypt,egypt.svg.png,1954-07-01
2,Egypt,egypt.svg.png,1958-07-01
2,Egypt,egypt.svg.png,1962-07-01
2,Egypt,egypt.svg.png,1966-07-01
2,Egypt,egypt.svg.png,1970-07-01
2,Egypt,egypt.svg.png,1974-07-01
2,Egypt,egypt.svg.png,1978-07-01
2,Egypt,egypt.svg.png,1982-07-01
2,Egypt,egypt.svg.png,1986-07-01
3,Egypt,egypt.svg.png,1990-07-01
3,Egypt,egypt.svg.png,1994-07-01
3,Egypt,egypt.svg.png,1998-07-01
3,Egypt,egypt.svg.png,2002-07-01
3,Egypt,egypt.svg.png,2006-07-01
3,Egypt,egypt.svg.png,2010-07-01
3,Egypt,egypt.svg.png,2014-07-01
5,Egypt,egypt.svg.png,2018-07-01
0,El Salvador,el_salvador.svg.png,1930-07-01
0,El Salvador,el_salvador.svg.png,1934-07-01
0,El Salvador,el_salvador.svg.png,1938-07-01
0,El Salvador,el_salvador.svg.png,1950-07-01
0,El Salvador,el_salvador.svg.png,1954-07-01
0,El Salvador,el_salvador.svg.png,1958-07-01
0,El Salvador,el_salvador.svg.png,1962-07-01
0,El Salvador,el_salvador.svg.png,1966-07-01
0,El Salvador,el_salvador.svg.png,1970-07-01
0,El Salvador,el_salvador.svg.png,1974-07-01
0,El Salvador,el_salvador.svg.png,1978-07-01
1,El Salvador,el_salvador.svg.png,1982-07-01
1,El Salvador,el_salvador.svg.png,1986-07-01
1,El Salvador,el_salvador.svg.png,1990-07-01
1,El Salvador,el_salvador.svg.png,1994-07-01
1,El Salvador,el_salvador.svg.png,1998-07-01
1,El Salvador,el_salvador.svg.png,2002-07-01
1,El Salvador,el_salvador.svg.png,2006-07-01
1,El Salvador,el_salvador.svg.png,2010-07-01
1,El Salvador,el_salvador.svg.png,2014-07-01
1,El Salvador,el_salvador.svg.png,2018-07-01
0,England,england.svg.png,1930-07-01
0,England,england.svg.png,1934-07-01
0,England,england.svg.png,1938-07-01
2,England,england.svg.png,1950-07-01
10,England,england.svg.png,1954-07-01
14,England,england.svg.png,1958-07-01
19,England,england.svg.png,1962-07-01
30,England,england.svg.png,1966-07-01
34,England,england.svg.png,1970-07-01
34,England,england.svg.png,1974-07-01
34,England,england.svg.png,1978-07-01
40,England,england.svg.png,1982-07-01
47,England,england.svg.png,1986-07-01
55,England,england.svg.png,1990-07-01
55,England,england.svg.png,1994-07-01
62,England,england.svg.png,1998-07-01
68,England,england.svg.png,2002-07-01
74,England,england.svg.png,2006-07-01
77,England,england.svg.png,2010-07-01
79,England,england.svg.png,2014-07-01
91,England,england.svg.png,2018-07-01
4,France,france.svg.png,1930-07-01
6,France,france.svg.png,1934-07-01
10,France,france.svg.png,1938-07-01
10,France,france.svg.png,1950-07-01
13,France,france.svg.png,1954-07-01
36,France,france.svg.png,1958-07-01
36,France,france.svg.png,1962-07-01
38,France,france.svg.png,1966-07-01
38,France,france.svg.png,1970-07-01
38,France,france.svg.png,1974-07-01
43,France,france.svg.png,1978-07-01
59,France,france.svg.png,1982-07-01
71,France,france.svg.png,1986-07-01
71,France,france.svg.png,1990-07-01
71,France,france.svg.png,1994-07-01
86,France,france.svg.png,1998-07-01
86,France,france.svg.png,2002-07-01
95,France,france.svg.png,2006-07-01
96,France,france.svg.png,2010-07-01
106,France,france.svg.png,2014-07-01
120,France,france.svg.png,2018-07-01
0,Germany,germany.svg.png,1930-07-01
11,Germany,germany.svg.png,1934-07-01
14,Germany,germany.svg.png,1938-07-01
14,Germany,germany.svg.png,1950-07-01
39,Germany,germany.svg.png,1954-07-01
51,Germany,germany.svg.png,1958-07-01
55,Germany,germany.svg.png,1962-07-01
70,Germany,germany.svg.png,1966-07-01
87,Germany,germany.svg.png,1970-07-01
100,Germany,germany.svg.png,1974-07-01
110,Germany,germany.svg.png,1978-07-01
122,Germany,germany.svg.png,1982-07-01
130,Germany,germany.svg.png,1986-07-01
145,Germany,germany.svg.png,1990-07-01
154,Germany,germany.svg.png,1994-07-01
162,Germany,germany.svg.png,1998-07-01
176,Germany,germany.svg.png,2002-07-01
190,Germany,germany.svg.png,2006-07-01
206,Germany,germany.svg.png,2010-07-01
224,Germany,germany.svg.png,2014-07-01
226,Germany,germany.svg.png,2018-07-01
0,Ghana,ghana.svg.png,1930-07-01
0,Ghana,ghana.svg.png,1934-07-01
0,Ghana,ghana.svg.png,1938-07-01
0,Ghana,ghana.svg.png,1950-07-01
0,Ghana,ghana.svg.png,1954-07-01
0,Ghana,ghana.svg.png,1958-07-01
0,Ghana,ghana.svg.png,1962-07-01
0,Ghana,ghana.svg.png,1966-07-01
0,Ghana,ghana.svg.png,1970-07-01
0,Ghana,ghana.svg.png,1974-07-01
0,Ghana,ghana.svg.png,1978-07-01
0,Ghana,ghana.svg.png,1982-07-01
0,Ghana,ghana.svg.png,1986-07-01
0,Ghana,ghana.svg.png,1990-07-01
0,Ghana,ghana.svg.png,1994-07-01
0,Ghana,ghana.svg.png,1998-07-01
0,Ghana,ghana.svg.png,2002-07-01
4,Ghana,ghana.svg.png,2006-07-01
9,Ghana,ghana.svg.png,2010-07-01
13,Ghana,ghana.svg.png,2014-07-01
13,Ghana,ghana.svg.png,2018-07-01
0,Greece,greece.svg.png,1930-07-01
0,Greece,greece.svg.png,1934-07-01
0,Greece,greece.svg.png,1938-07-01
0,Greece,greece.svg.png,1950-07-01
0,Greece,greece.svg.png,1954-07-01
0,Greece,greece.svg.png,1958-07-01
0,Greece,greece.svg.png,1962-07-01
0,Greece,greece.svg.png,1966-07-01
0,Greece,greece.svg.png,1970-07-01
0,Greece,greece.svg.png,1974-07-01
0,Greece,greece.svg.png,1978-07-01
0,Greece,greece.svg.png,1982-07-01
0,Greece,greece.svg.png,1986-07-01
0,Greece,greece.svg.png,1990-07-01
0,Greece,greece.svg.png,1994-07-01
0,Greece,greece.svg.png,1998-07-01
0,Greece,greece.svg.png,2002-07-01
0,Greece,greece.svg.png,2006-07-01
2,Greece,greece.svg.png,2010-07-01
5,Greece,greece.svg.png,2014-07-01
5,Greece,greece.svg.png,2018-07-01
0,Haiti,haiti.svg.png,1930-07-01
0,Haiti,haiti.svg.png,1934-07-01
0,Haiti,haiti.svg.png,1938-07-01
0,Haiti,haiti.svg.png,1950-07-01
0,Haiti,haiti.svg.png,1954-07-01
0,Haiti,haiti.svg.png,1958-07-01
0,Haiti,haiti.svg.png,1962-07-01
0,Haiti,haiti.svg.png,1966-07-01
0,Haiti,haiti.svg.png,1970-07-01
2,Haiti,haiti.svg.png,1974-07-01
2,Haiti,haiti.svg.png,1978-07-01
2,Haiti,haiti.svg.png,1982-07-01
2,Haiti,haiti.svg.png,1986-07-01
2,Haiti,haiti.svg.png,1990-07-01
2,Haiti,haiti.svg.png,1994-07-01
2,Haiti,haiti.svg.png,1998-07-01
2,Haiti,haiti.svg.png,2002-07-01
2,Haiti,haiti.svg.png,2006-07-01
2,Haiti,haiti.svg.png,2010-07-01
2,Haiti,haiti.svg.png,2014-07-01
2,Haiti,haiti.svg.png,2018-07-01
0,Honduras,honduras.svg.png,1930-07-01
0,Honduras,honduras.svg.png,1934-07-01
0,Honduras,honduras.svg.png,1938-07-01
0,Honduras,honduras.svg.png,1950-07-01
0,Honduras,honduras.svg.png,1954-07-01
0,Honduras,honduras.svg.png,1958-07-01
0,Honduras,honduras.svg.png,1962-07-01
0,Honduras,honduras.svg.png,1966-07-01
0,Honduras,honduras.svg.png,1970-07-01
0,Honduras,honduras.svg.png,1974-07-01
0,Honduras,honduras.svg.png,1978-07-01
2,Honduras,honduras.svg.png,1982-07-01
2,Honduras,honduras.svg.png,1986-07-01
2,Honduras,honduras.svg.png,1990-07-01
2,Honduras,honduras.svg.png,1994-07-01
2,Honduras,honduras.svg.png,1998-07-01
2,Honduras,honduras.svg.png,2002-07-01
2,Honduras,honduras.svg.png,2006-07-01
2,Honduras,honduras.svg.png,2010-07-01
3,Honduras,honduras.svg.png,2014-07-01
3,Honduras,honduras.svg.png,2018-07-01
0,Hungary,hungary.svg.png,1930-07-01
5,Hungary,hungary.svg.png,1934-07-01
20,Hungary,hungary.svg.png,1938-07-01
20,Hungary,hungary.svg.png,1950-07-01
47,Hungary,hungary.svg.png,1954-07-01
54,Hungary,hungary.svg.png,1958-07-01
62,Hungary,hungary.svg.png,1962-07-01
70,Hungary,hungary.svg.png,1966-07-01
70,Hungary,hungary.svg.png,1970-07-01
70,Hungary,hungary.svg.png,1974-07-01
73,Hungary,hungary.svg.png,1978-07-01
85,Hungary,hungary.svg.png,1982-07-01
87,Hungary,hungary.svg.png,1986-07-01
87,Hungary,hungary.svg.png,1990-07-01
87,Hungary,hungary.svg.png,1994-07-01
87,Hungary,hungary.svg.png,1998-07-01
87,Hungary,hungary.svg.png,2002-07-01
87,Hungary,hungary.svg.png,2006-07-01
87,Hungary,hungary.svg.png,2010-07-01
87,Hungary,hungary.svg.png,2014-07-01
87,Hungary,hungary.svg.png,2018-07-01
0,Iceland,iceland.svg.png,1930-07-01
0,Iceland,iceland.svg.png,1934-07-01
0,Iceland,iceland.svg.png,1938-07-01
0,Iceland,iceland.svg.png,1950-07-01
0,Iceland,iceland.svg.png,1954-07-01
0,Iceland,iceland.svg.png,1958-07-01
0,Iceland,iceland.svg.png,1962-07-01
0,Iceland,iceland.svg.png,1966-07-01
0,Iceland,iceland.svg.png,1970-07-01
0,Iceland,iceland.svg.png,1974-07-01
0,Iceland,iceland.svg.png,1978-07-01
0,Iceland,iceland.svg.png,1982-07-01
0,Iceland,iceland.svg.png,1986-07-01
0,Iceland,iceland.svg.png,1990-07-01
0,Iceland,iceland.svg.png,1994-07-01
0,Iceland,iceland.svg.png,1998-07-01
0,Iceland,iceland.svg.png,2002-07-01
0,Iceland,iceland.svg.png,2006-07-01
0,Iceland,iceland.svg.png,2010-07-01
0,Iceland,iceland.svg.png,2014-07-01
2,Iceland,iceland.svg.png,2018-07-01
0,Indonesia,indonesia.svg.png,1930-07-01
0,Indonesia,indonesia.svg.png,1934-07-01
0,Indonesia,indonesia.svg.png,1938-07-01
0,Indonesia,indonesia.svg.png,1950-07-01
0,Indonesia,indonesia.svg.png,1954-07-01
0,Indonesia,indonesia.svg.png,1958-07-01
0,Indonesia,indonesia.svg.png,1962-07-01
0,Indonesia,indonesia.svg.png,1966-07-01
0,Indonesia,indonesia.svg.png,1970-07-01
0,Indonesia,indonesia.svg.png,1974-07-01
0,Indonesia,indonesia.svg.png,1978-07-01
0,Indonesia,indonesia.svg.png,1982-07-01
0,Indonesia,indonesia.svg.png,1986-07-01
0,Indonesia,indonesia.svg.png,1990-07-01
0,Indonesia,indonesia.svg.png,1994-07-01
0,Indonesia,indonesia.svg.png,1998-07-01
0,Indonesia,indonesia.svg.png,2002-07-01
0,Indonesia,indonesia.svg.png,2006-07-01
0,Indonesia,indonesia.svg.png,2010-07-01
0,Indonesia,indonesia.svg.png,2014-07-01
0,Indonesia,indonesia.svg.png,2018-07-01
0,Iran,iran.svg.png,1930-07-01
0,Iran,iran.svg.png,1934-07-01
0,Iran,iran.svg.png,1938-07-01
0,Iran,iran.svg.png,1950-07-01
0,Iran,iran.svg.png,1954-07-01
0,Iran,iran.svg.png,1958-07-01
0,Iran,iran.svg.png,1962-07-01
0,Iran,iran.svg.png,1966-07-01
0,Iran,iran.svg.png,1970-07-01
0,Iran,iran.svg.png,1974-07-01
2,Iran,iran.svg.png,1978-07-01
2,Iran,iran.svg.png,1982-07-01
2,Iran,iran.svg.png,1986-07-01
2,Iran,iran.svg.png,1990-07-01
2,Iran,iran.svg.png,1994-07-01
4,Iran,iran.svg.png,1998-07-01
4,Iran,iran.svg.png,2002-07-01
6,Iran,iran.svg.png,2006-07-01
6,Iran,iran.svg.png,2010-07-01
7,Iran,iran.svg.png,2014-07-01
9,Iran,iran.svg.png,2018-07-01
0,Iraq,iraq.svg.png,1930-07-01
0,Iraq,iraq.svg.png,1934-07-01
0,Iraq,iraq.svg.png,1938-07-01
0,Iraq,iraq.svg.png,1950-07-01
0,Iraq,iraq.svg.png,1954-07-01
0,Iraq,iraq.svg.png,1958-07-01
0,Iraq,iraq.svg.png,1962-07-01
0,Iraq,iraq.svg.png,1966-07-01
0,Iraq,iraq.svg.png,1970-07-01
0,Iraq,iraq.svg.png,1974-07-01
0,Iraq,iraq.svg.png,1978-07-01
0,Iraq,iraq.svg.png,1982-07-01
1,Iraq,iraq.svg.png,1986-07-01
1,Iraq,iraq.svg.png,1990-07-01
1,Iraq,iraq.svg.png,1994-07-01
1,Iraq,iraq.svg.png,1998-07-01
1,Iraq,iraq.svg.png,2002-07-01
1,Iraq,iraq.svg.png,2006-07-01
1,Iraq,iraq.svg.png,2010-07-01
1,Iraq,iraq.svg.png,2014-07-01
1,Iraq,iraq.svg.png,2018-07-01
0,Israel,israel.svg.png,1930-07-01
0,Israel,israel.svg.png,1934-07-01
0,Israel,israel.svg.png,1938-07-01
0,Israel,israel.svg.png,1950-07-01
0,Israel,israel.svg.png,1954-07-01
0,Israel,israel.svg.png,1958-07-01
0,Israel,israel.svg.png,1962-07-01
0,Israel,israel.svg.png,1966-07-01
1,Israel,israel.svg.png,1970-07-01
1,Israel,israel.svg.png,1974-07-01
1,Israel,israel.svg.png,1978-07-01
1,Israel,israel.svg.png,1982-07-01
1,Israel,israel.svg.png,1986-07-01
1,Israel,israel.svg.png,1990-07-01
1,Israel,israel.svg.png,1994-07-01
1,Israel,israel.svg.png,1998-07-01
1,Israel,israel.svg.png,2002-07-01
1,Israel,israel.svg.png,2006-07-01
1,Israel,israel.svg.png,2010-07-01
1,Israel,israel.svg.png,2014-07-01
1,Israel,israel.svg.png,2018-07-01
0,Italy,italy.svg.png,1930-07-01
12,Italy,italy.svg.png,1934-07-01
23,Italy,italy.svg.png,1938-07-01
27,Italy,italy.svg.png,1950-07-01
33,Italy,italy.svg.png,1954-07-01
33,Italy,italy.svg.png,1958-07-01
36,Italy,italy.svg.png,1962-07-01
38,Italy,italy.svg.png,1966-07-01
48,Italy,italy.svg.png,1970-07-01
53,Italy,italy.svg.png,1974-07-01
62,Italy,italy.svg.png,1978-07-01
74,Italy,italy.svg.png,1982-07-01
79,Italy,italy.svg.png,1986-07-01
89,Italy,italy.svg.png,1990-07-01
97,Italy,italy.svg.png,1994-07-01
105,Italy,italy.svg.png,1998-07-01
110,Italy,italy.svg.png,2002-07-01
122,Italy,italy.svg.png,2006-07-01
126,Italy,italy.svg.png,2010-07-01
128,Italy,italy.svg.png,2014-07-01
128,Italy,italy.svg.png,2018-07-01
0,Ivory Coast,ivory_coast.svg.png,1930-07-01
0,Ivory Coast,ivory_coast.svg.png,1934-07-01
0,Ivory Coast,ivory_coast.svg.png,1938-07-01
0,Ivory Coast,ivory_coast.svg.png,1950-07-01
0,Ivory Coast,ivory_coast.svg.png,1954-07-01
0,Ivory Coast,ivory_coast.svg.png,1958-07-01
0,Ivory Coast,ivory_coast.svg.png,1962-07-01
0,Ivory Coast,ivory_coast.svg.png,1966-07-01
0,Ivory Coast,ivory_coast.svg.png,1970-07-01
0,Ivory Coast,ivory_coast.svg.png,1974-07-01
0,Ivory Coast,ivory_coast.svg.png,1978-07-01
0,Ivory Coast,ivory_coast.svg.png,1982-07-01
0,Ivory Coast,ivory_coast.svg.png,1986-07-01
0,Ivory Coast,ivory_coast.svg.png,1990-07-01
0,Ivory Coast,ivory_coast.svg.png,1994-07-01
0,Ivory Coast,ivory_coast.svg.png,1998-07-01
0,Ivory Coast,ivory_coast.svg.png,2002-07-01
5,Ivory Coast,ivory_coast.svg.png,2006-07-01
9,Ivory Coast,ivory_coast.svg.png,2010-07-01
13,Ivory Coast,ivory_coast.svg.png,2014-07-01
13,Ivory Coast,ivory_coast.svg.png,2018-07-01
0,Jamaica,jamaica.svg.png,1930-07-01
0,Jamaica,jamaica.svg.png,1934-07-01
0,Jamaica,jamaica.svg.png,1938-07-01
0,Jamaica,jamaica.svg.png,1950-07-01
0,Jamaica,jamaica.svg.png,1954-07-01
0,Jamaica,jamaica.svg.png,1958-07-01
0,Jamaica,jamaica.svg.png,1962-07-01
0,Jamaica,jamaica.svg.png,1966-07-01
0,Jamaica,jamaica.svg.png,1970-07-01
0,Jamaica,jamaica.svg.png,1974-07-01
0,Jamaica,jamaica.svg.png,1978-07-01
0,Jamaica,jamaica.svg.png,1982-07-01
0,Jamaica,jamaica.svg.png,1986-07-01
0,Jamaica,jamaica.svg.png,1990-07-01
0,Jamaica,jamaica.svg.png,1994-07-01
3,Jamaica,jamaica.svg.png,1998-07-01
3,Jamaica,jamaica.svg.png,2002-07-01
3,Jamaica,jamaica.svg.png,2006-07-01
3,Jamaica,jamaica.svg.png,2010-07-01
3,Jamaica,jamaica.svg.png,2014-07-01
3,Jamaica,jamaica.svg.png,2018-07-01
0,Japan,japan.svg.png,1930-07-01
0,Japan,japan.svg.png,1934-07-01
0,Japan,japan.svg.png,1938-07-01
0,Japan,japan.svg.png,1950-07-01
0,Japan,japan.svg.png,1954-07-01
0,Japan,japan.svg.png,1958-07-01
0,Japan,japan.svg.png,1962-07-01
0,Japan,japan.svg.png,1966-07-01
0,Japan,japan.svg.png,1970-07-01
0,Japan,japan.svg.png,1974-07-01
0,Japan,japan.svg.png,1978-07-01
0,Japan,japan.svg.png,1982-07-01
0,Japan,japan.svg.png,1986-07-01
0,Japan,japan.svg.png,1990-07-01
0,Japan,japan.svg.png,1994-07-01
1,Japan,japan.svg.png,1998-07-01
6,Japan,japan.svg.png,2002-07-01
8,Japan,japan.svg.png,2006-07-01
12,Japan,japan.svg.png,2010-07-01
14,Japan,japan.svg.png,2014-07-01
20,Japan,japan.svg.png,2018-07-01
0,Kuwait,kuwait.svg.png,1930-07-01
0,Kuwait,kuwait.svg.png,1934-07-01
0,Kuwait,kuwait.svg.png,1938-07-01
0,Kuwait,kuwait.svg.png,1950-07-01
0,Kuwait,kuwait.svg.png,1954-07-01
0,Kuwait,kuwait.svg.png,1958-07-01
0,Kuwait,kuwait.svg.png,1962-07-01
0,Kuwait,kuwait.svg.png,1966-07-01
0,Kuwait,kuwait.svg.png,1970-07-01
0,Kuwait,kuwait.svg.png,1974-07-01
0,Kuwait,kuwait.svg.png,1978-07-01
2,Kuwait,kuwait.svg.png,1982-07-01
2,Kuwait,kuwait.svg.png,1986-07-01
2,Kuwait,kuwait.svg.png,1990-07-01
2,Kuwait,kuwait.svg.png,1994-07-01
2,Kuwait,kuwait.svg.png,1998-07-01
2,Kuwait,kuwait.svg.png,2002-07-01
2,Kuwait,kuwait.svg.png,2006-07-01
2,Kuwait,kuwait.svg.png,2010-07-01
2,Kuwait,kuwait.svg.png,2014-07-01
2,Kuwait,kuwait.svg.png,2018-07-01
4,Mexico,mexico.svg.png,1930-07-01
4,Mexico,mexico.svg.png,1934-07-01
4,Mexico,mexico.svg.png,1938-07-01
6,Mexico,mexico.svg.png,1950-07-01
8,Mexico,mexico.svg.png,1954-07-01
9,Mexico,mexico.svg.png,1958-07-01
12,Mexico,mexico.svg.png,1962-07-01
13,Mexico,mexico.svg.png,1966-07-01
19,Mexico,mexico.svg.png,1970-07-01
19,Mexico,mexico.svg.png,1974-07-01
21,Mexico,mexico.svg.png,1978-07-01
21,Mexico,mexico.svg.png,1982-07-01
27,Mexico,mexico.svg.png,1986-07-01
27,Mexico,mexico.svg.png,1990-07-01
31,Mexico,mexico.svg.png,1994-07-01
39,Mexico,mexico.svg.png,1998-07-01
43,Mexico,mexico.svg.png,2002-07-01
48,Mexico,mexico.svg.png,2006-07-01
52,Mexico,mexico.svg.png,2010-07-01
57,Mexico,mexico.svg.png,2014-07-01
60,Mexico,mexico.svg.png,2018-07-01
0,Morocco,morocco.svg.png,1930-07-01
0,Morocco,morocco.svg.png,1934-07-01
0,Morocco,morocco.svg.png,1938-07-01
0,Morocco,morocco.svg.png,1950-07-01
0,Morocco,morocco.svg.png,1954-07-01
0,Morocco,morocco.svg.png,1958-07-01
0,Morocco,morocco.svg.png,1962-07-01
0,Morocco,morocco.svg.png,1966-07-01
2,Morocco,morocco.svg.png,1970-07-01
2,Morocco,morocco.svg.png,1974-07-01
2,Morocco,morocco.svg.png,1978-07-01
2,Morocco,morocco.svg.png,1982-07-01
5,Morocco,morocco.svg.png,1986-07-01
5,Morocco,morocco.svg.png,1990-07-01
7,Morocco,morocco.svg.png,1994-07-01
12,Morocco,morocco.svg.png,1998-07-01
12,Morocco,morocco.svg.png,2002-07-01
12,Morocco,morocco.svg.png,2006-07-01
12,Morocco,morocco.svg.png,2010-07-01
12,Morocco,morocco.svg.png,2014-07-01
14,Morocco,morocco.svg.png,2018-07-01
0,Netherlands,netherlands.svg.png,1930-07-01
2,Netherlands,netherlands.svg.png,1934-07-01
2,Netherlands,netherlands.svg.png,1938-07-01
2,Netherlands,netherlands.svg.png,1950-07-01
2,Netherlands,netherlands.svg.png,1954-07-01
2,Netherlands,netherlands.svg.png,1958-07-01
2,Netherlands,netherlands.svg.png,1962-07-01
2,Netherlands,netherlands.svg.png,1966-07-01
2,Netherlands,netherlands.svg.png,1970-07-01
17,Netherlands,netherlands.svg.png,1974-07-01
32,Netherlands,netherlands.svg.png,1978-07-01
32,Netherlands,netherlands.svg.png,1982-07-01
32,Netherlands,netherlands.svg.png,1986-07-01
35,Netherlands,netherlands.svg.png,1990-07-01
43,Netherlands,netherlands.svg.png,1994-07-01
56,Netherlands,netherlands.svg.png,1998-07-01
56,Netherlands,netherlands.svg.png,2002-07-01
59,Netherlands,netherlands.svg.png,2006-07-01
71,Netherlands,netherlands.svg.png,2010-07-01
86,Netherlands,netherlands.svg.png,2014-07-01
86,Netherlands,netherlands.svg.png,2018-07-01
0,New Zealand,new_zealand.svg.png,1930-07-01
0,New Zealand,new_zealand.svg.png,1934-07-01
0,New Zealand,new_zealand.svg.png,1938-07-01
0,New Zealand,new_zealand.svg.png,1950-07-01
0,New Zealand,new_zealand.svg.png,1954-07-01
0,New Zealand,new_zealand.svg.png,1958-07-01
0,New Zealand,new_zealand.svg.png,1962-07-01
0,New Zealand,new_zealand.svg.png,1966-07-01
0,New Zealand,new_zealand.svg.png,1970-07-01
0,New Zealand,new_zealand.svg.png,1974-07-01
0,New Zealand,new_zealand.svg.png,1978-07-01
2,New Zealand,new_zealand.svg.png,1982-07-01
2,New Zealand,new_zealand.svg.png,1986-07-01
2,New Zealand,new_zealand.svg.png,1990-07-01
2,New Zealand,new_zealand.svg.png,1994-07-01
2,New Zealand,new_zealand.svg.png,1998-07-01
2,New Zealand,new_zealand.svg.png,2002-07-01
2,New Zealand,new_zealand.svg.png,2006-07-01
4,New Zealand,new_zealand.svg.png,2010-07-01
4,New Zealand,new_zealand.svg.png,2014-07-01
4,New Zealand,new_zealand.svg.png,2018-07-01
0,Nigeria,nigeria.svg.png,1930-07-01
0,Nigeria,nigeria.svg.png,1934-07-01
0,Nigeria,nigeria.svg.png,1938-07-01
0,Nigeria,nigeria.svg.png,1950-07-01
0,Nigeria,nigeria.svg.png,1954-07-01
0,Nigeria,nigeria.svg.png,1958-07-01
0,Nigeria,nigeria.svg.png,1962-07-01
0,Nigeria,nigeria.svg.png,1966-07-01
0,Nigeria,nigeria.svg.png,1970-07-01
0,Nigeria,nigeria.svg.png,1974-07-01
0,Nigeria,nigeria.svg.png,1978-07-01
0,Nigeria,nigeria.svg.png,1982-07-01
0,Nigeria,nigeria.svg.png,1986-07-01
0,Nigeria,nigeria.svg.png,1990-07-01
7,Nigeria,nigeria.svg.png,1994-07-01
13,Nigeria,nigeria.svg.png,1998-07-01
14,Nigeria,nigeria.svg.png,2002-07-01
14,Nigeria,nigeria.svg.png,2006-07-01
17,Nigeria,nigeria.svg.png,2010-07-01
20,Nigeria,nigeria.svg.png,2014-07-01
23,Nigeria,nigeria.svg.png,2018-07-01
0,North Korea,north_korea.svg.png,1930-07-01
0,North Korea,north_korea.svg.png,1934-07-01
0,North Korea,north_korea.svg.png,1938-07-01
0,North Korea,north_korea.svg.png,1950-07-01
0,North Korea,north_korea.svg.png,1954-07-01
0,North Korea,north_korea.svg.png,1958-07-01
0,North Korea,north_korea.svg.png,1962-07-01
5,North Korea,north_korea.svg.png,1966-07-01
5,North Korea,north_korea.svg.png,1970-07-01
5,North Korea,north_korea.svg.png,1974-07-01
5,North Korea,north_korea.svg.png,1978-07-01
5,North Korea,north_korea.svg.png,1982-07-01
5,North Korea,north_korea.svg.png,1986-07-01
5,North Korea,north_korea.svg.png,1990-07-01
5,North Korea,north_korea.svg.png,1994-07-01
5,North Korea,north_korea.svg.png,1998-07-01
5,North Korea,north_korea.svg.png,2002-07-01
5,North Korea,north_korea.svg.png,2006-07-01
6,North Korea,north_korea.svg.png,2010-07-01
6,North Korea,north_korea.svg.png,2014-07-01
6,North Korea,north_korea.svg.png,2018-07-01
0,Northern Ireland,northern_ireland.svg.png,1930-07-01
0,Northern Ireland,northern_ireland.svg.png,1934-07-01
0,Northern Ireland,northern_ireland.svg.png,1938-07-01
0,Northern Ireland,northern_ireland.svg.png,1950-07-01
0,Northern Ireland,northern_ireland.svg.png,1954-07-01
6,Northern Ireland,northern_ireland.svg.png,1958-07-01
6,Northern Ireland,northern_ireland.svg.png,1962-07-01
6,Northern Ireland,northern_ireland.svg.png,1966-07-01
6,Northern Ireland,northern_ireland.svg.png,1970-07-01
6,Northern Ireland,northern_ireland.svg.png,1974-07-01
6,Northern Ireland,northern_ireland.svg.png,1978-07-01
11,Northern Ireland,northern_ireland.svg.png,1982-07-01
13,Northern Ireland,northern_ireland.svg.png,1986-07-01
13,Northern Ireland,northern_ireland.svg.png,1990-07-01
13,Northern Ireland,northern_ireland.svg.png,1994-07-01
13,Northern Ireland,northern_ireland.svg.png,1998-07-01
13,Northern Ireland,northern_ireland.svg.png,2002-07-01
13,Northern Ireland,northern_ireland.svg.png,2006-07-01
13,Northern Ireland,northern_ireland.svg.png,2010-07-01
13,Northern Ireland,northern_ireland.svg.png,2014-07-01
13,Northern Ireland,northern_ireland.svg.png,2018-07-01
0,Norway,norway.svg.png,1930-07-01
0,Norway,norway.svg.png,1934-07-01
1,Norway,norway.svg.png,1938-07-01
1,Norway,norway.svg.png,1950-07-01
1,Norway,norway.svg.png,1954-07-01
1,Norway,norway.svg.png,1958-07-01
1,Norway,norway.svg.png,1962-07-01
1,Norway,norway.svg.png,1966-07-01
1,Norway,norway.svg.png,1970-07-01
1,Norway,norway.svg.png,1974-07-01
1,Norway,norway.svg.png,1978-07-01
1,Norway,norway.svg.png,1982-07-01
1,Norway,norway.svg.png,1986-07-01
1,Norway,norway.svg.png,1990-07-01
2,Norway,norway.svg.png,1994-07-01
7,Norway,norway.svg.png,1998-07-01
7,Norway,norway.svg.png,2002-07-01
7,Norway,norway.svg.png,2006-07-01
7,Norway,norway.svg.png,2010-07-01
7,Norway,norway.svg.png,2014-07-01
7,Norway,norway.svg.png,2018-07-01
0,Panama,panama.svg.png,1930-07-01
0,Panama,panama.svg.png,1934-07-01
0,Panama,panama.svg.png,1938-07-01
0,Panama,panama.svg.png,1950-07-01
0,Panama,panama.svg.png,1954-07-01
0,Panama,panama.svg.png,1958-07-01
0,Panama,panama.svg.png,1962-07-01
0,Panama,panama.svg.png,1966-07-01
0,Panama,panama.svg.png,1970-07-01
0,Panama,panama.svg.png,1974-07-01
0,Panama,panama.svg.png,1978-07-01
0,Panama,panama.svg.png,1982-07-01
0,Panama,panama.svg.png,1986-07-01
0,Panama,panama.svg.png,1990-07-01
0,Panama,panama.svg.png,1994-07-01
0,Panama,panama.svg.png,1998-07-01
0,Panama,panama.svg.png,2002-07-01
0,Panama,panama.svg.png,2006-07-01
0,Panama,panama.svg.png,2010-07-01
0,Panama,panama.svg.png,2014-07-01
2,Panama,panama.svg.png,2018-07-01
1,Paraguay,paraguay.svg.png,1930-07-01
1,Paraguay,paraguay.svg.png,1934-07-01
1,Paraguay,paraguay.svg.png,1938-07-01
3,Paraguay,paraguay.svg.png,1950-07-01
3,Paraguay,paraguay.svg.png,1954-07-01
12,Paraguay,paraguay.svg.png,1958-07-01
12,Paraguay,paraguay.svg.png,1962-07-01
12,Paraguay,paraguay.svg.png,1966-07-01
12,Paraguay,paraguay.svg.png,1970-07-01
12,Paraguay,paraguay.svg.png,1974-07-01
12,Paraguay,paraguay.svg.png,1978-07-01
12,Paraguay,paraguay.svg.png,1982-07-01
16,Paraguay,paraguay.svg.png,1986-07-01
16,Paraguay,paraguay.svg.png,1990-07-01
16,Paraguay,paraguay.svg.png,1994-07-01
19,Paraguay,paraguay.svg.png,1998-07-01
25,Paraguay,paraguay.svg.png,2002-07-01
27,Paraguay,paraguay.svg.png,2006-07-01
30,Paraguay,paraguay.svg.png,2010-07-01
30,Paraguay,paraguay.svg.png,2014-07-01
30,Paraguay,paraguay.svg.png,2018-07-01
1,Peru,peru.svg.png,1930-07-01
1,Peru,peru.svg.png,1934-07-01
1,Peru,peru.svg.png,1938-07-01
1,Peru,peru.svg.png,1950-07-01
1,Peru,peru.svg.png,1954-07-01
1,Peru,peru.svg.png,1958-07-01
1,Peru,peru.svg.png,1962-07-01
1,Peru,peru.svg.png,1966-07-01
10,Peru,peru.svg.png,1970-07-01
10,Peru,peru.svg.png,1974-07-01
17,Peru,peru.svg.png,1978-07-01
19,Peru,peru.svg.png,1982-07-01
19,Peru,peru.svg.png,1986-07-01
19,Peru,peru.svg.png,1990-07-01
19,Peru,peru.svg.png,1994-07-01
19,Peru,peru.svg.png,1998-07-01
19,Peru,peru.svg.png,2002-07-01
19,Peru,peru.svg.png,2006-07-01
19,Peru,peru.svg.png,2010-07-01
19,Peru,peru.svg.png,2014-07-01
21,Peru,peru.svg.png,2018-07-01
0,Poland,poland.svg.png,1930-07-01
0,Poland,poland.svg.png,1934-07-01
5,Poland,poland.svg.png,1938-07-01
5,Poland,poland.svg.png,1950-07-01
5,Poland,poland.svg.png,1954-07-01
5,Poland,poland.svg.png,1958-07-01
5,Poland,poland.svg.png,1962-07-01
5,Poland,poland.svg.png,1966-07-01
5,Poland,poland.svg.png,1970-07-01
21,Poland,poland.svg.png,1974-07-01
27,Poland,poland.svg.png,1978-07-01
38,Poland,poland.svg.png,1982-07-01
39,Poland,poland.svg.png,1986-07-01
39,Poland,poland.svg.png,1990-07-01
39,Poland,poland.svg.png,1994-07-01
39,Poland,poland.svg.png,1998-07-01
42,Poland,poland.svg.png,2002-07-01
44,Poland,poland.svg.png,2006-07-01
44,Poland,poland.svg.png,2010-07-01
44,Poland,poland.svg.png,2014-07-01
46,Poland,poland.svg.png,2018-07-01
0,Portugal,portugal.svg.png,1930-07-01
0,Portugal,portugal.svg.png,1934-07-01
0,Portugal,portugal.svg.png,1938-07-01
0,Portugal,portugal.svg.png,1950-07-01
0,Portugal,portugal.svg.png,1954-07-01
0,Portugal,portugal.svg.png,1958-07-01
0,Portugal,portugal.svg.png,1962-07-01
17,Portugal,portugal.svg.png,1966-07-01
17,Portugal,portugal.svg.png,1970-07-01
17,Portugal,portugal.svg.png,1974-07-01
17,Portugal,portugal.svg.png,1978-07-01
17,Portugal,portugal.svg.png,1982-07-01
19,Portugal,portugal.svg.png,1986-07-01
19,Portugal,portugal.svg.png,1990-07-01
19,Portugal,portugal.svg.png,1994-07-01
19,Portugal,portugal.svg.png,1998-07-01
25,Portugal,portugal.svg.png,2002-07-01
32,Portugal,portugal.svg.png,2006-07-01
39,Portugal,portugal.svg.png,2010-07-01
43,Portugal,portugal.svg.png,2014-07-01
49,Portugal,portugal.svg.png,2018-07-01
0,Republic of Ireland,republic_of_ireland.svg.png,1930-07-01
0,Republic of Ireland,republic_of_ireland.svg.png,1934-07-01
0,Republic of Ireland,republic_of_ireland.svg.png,1938-07-01
0,Republic of Ireland,republic_of_ireland.svg.png,1950-07-01
0,Republic of Ireland,republic_of_ireland.svg.png,1954-07-01
0,Republic of Ireland,republic_of_ireland.svg.png,1958-07-01
0,Republic of Ireland,republic_of_ireland.svg.png,1962-07-01
0,Republic of Ireland,republic_of_ireland.svg.png,1966-07-01
0,Republic of Ireland,republic_of_ireland.svg.png,1970-07-01
0,Republic of Ireland,republic_of_ireland.svg.png,1974-07-01
0,Republic of Ireland,republic_of_ireland.svg.png,1978-07-01
0,Republic of Ireland,republic_of_ireland.svg.png,1982-07-01
0,Republic of Ireland,republic_of_ireland.svg.png,1986-07-01
2,Republic of Ireland,republic_of_ireland.svg.png,1990-07-01
4,Republic of Ireland,republic_of_ireland.svg.png,1994-07-01
4,Republic of Ireland,republic_of_ireland.svg.png,1998-07-01
10,Republic of Ireland,republic_of_ireland.svg.png,2002-07-01
10,Republic of Ireland,republic_of_ireland.svg.png,2006-07-01
10,Republic of Ireland,republic_of_ireland.svg.png,2010-07-01
10,Republic of Ireland,republic_of_ireland.svg.png,2014-07-01
10,Republic of Ireland,republic_of_ireland.svg.png,2018-07-01
3,Romania,romania.svg.png,1930-07-01
4,Romania,romania.svg.png,1934-07-01
8,Romania,romania.svg.png,1938-07-01
8,Romania,romania.svg.png,1950-07-01
8,Romania,romania.svg.png,1954-07-01
8,Romania,romania.svg.png,1958-07-01
8,Romania,romania.svg.png,1962-07-01
8,Romania,romania.svg.png,1966-07-01
12,Romania,romania.svg.png,1970-07-01
12,Romania,romania.svg.png,1974-07-01
12,Romania,romania.svg.png,1978-07-01
12,Romania,romania.svg.png,1982-07-01
12,Romania,romania.svg.png,1986-07-01
16,Romania,romania.svg.png,1990-07-01
26,Romania,romania.svg.png,1994-07-01
30,Romania,romania.svg.png,1998-07-01
30,Romania,romania.svg.png,2002-07-01
30,Romania,romania.svg.png,2006-07-01
30,Romania,romania.svg.png,2010-07-01
30,Romania,romania.svg.png,2014-07-01
30,Romania,romania.svg.png,2018-07-01
0,Russia,russia.svg.png,1930-07-01
0,Russia,russia.svg.png,1934-07-01
0,Russia,russia.svg.png,1938-07-01
0,Russia,russia.svg.png,1950-07-01
0,Russia,russia.svg.png,1954-07-01
0,Russia,russia.svg.png,1958-07-01
0,Russia,russia.svg.png,1962-07-01
0,Russia,russia.svg.png,1966-07-01
0,Russia,russia.svg.png,1970-07-01
0,Russia,russia.svg.png,1974-07-01
0,Russia,russia.svg.png,1978-07-01
0,Russia,russia.svg.png,1982-07-01
0,Russia,russia.svg.png,1986-07-01
0,Russia,russia.svg.png,1990-07-01
7,Russia,russia.svg.png,1994-07-01
7,Russia,russia.svg.png,1998-07-01
11,Russia,russia.svg.png,2002-07-01
11,Russia,russia.svg.png,2006-07-01
11,Russia,russia.svg.png,2010-07-01
13,Russia,russia.svg.png,2014-07-01
24,Russia,russia.svg.png,2018-07-01
0,Saudi Arabia,saudi_arabia.svg.png,1930-07-01
0,Saudi Arabia,saudi_arabia.svg.png,1934-07-01
0,Saudi Arabia,saudi_arabia.svg.png,1938-07-01
0,Saudi Arabia,saudi_arabia.svg.png,1950-07-01
0,Saudi Arabia,saudi_arabia.svg.png,1954-07-01
0,Saudi Arabia,saudi_arabia.svg.png,1958-07-01
0,Saudi Arabia,saudi_arabia.svg.png,1962-07-01
0,Saudi Arabia,saudi_arabia.svg.png,1966-07-01
0,Saudi Arabia,saudi_arabia.svg.png,1970-07-01
0,Saudi Arabia,saudi_arabia.svg.png,1974-07-01
0,Saudi Arabia,saudi_arabia.svg.png,1978-07-01
0,Saudi Arabia,saudi_arabia.svg.png,1982-07-01
0,Saudi Arabia,saudi_arabia.svg.png,1986-07-01
0,Saudi Arabia,saudi_arabia.svg.png,1990-07-01
5,Saudi Arabia,saudi_arabia.svg.png,1994-07-01
7,Saudi Arabia,saudi_arabia.svg.png,1998-07-01
7,Saudi Arabia,saudi_arabia.svg.png,2002-07-01
9,Saudi Arabia,saudi_arabia.svg.png,2006-07-01
9,Saudi Arabia,saudi_arabia.svg.png,2010-07-01
9,Saudi Arabia,saudi_arabia.svg.png,2014-07-01
11,Saudi Arabia,saudi_arabia.svg.png,2018-07-01
0,Scotland,scotland.svg.png,1930-07-01
0,Scotland,scotland.svg.png,1934-07-01
0,Scotland,scotland.svg.png,1938-07-01
0,Scotland,scotland.svg.png,1950-07-01
0,Scotland,scotland.svg.png,1954-07-01
4,Scotland,scotland.svg.png,1958-07-01
4,Scotland,scotland.svg.png,1962-07-01
4,Scotland,scotland.svg.png,1966-07-01
4,Scotland,scotland.svg.png,1970-07-01
7,Scotland,scotland.svg.png,1974-07-01
12,Scotland,scotland.svg.png,1978-07-01
20,Scotland,scotland.svg.png,1982-07-01
21,Scotland,scotland.svg.png,1986-07-01
23,Scotland,scotland.svg.png,1990-07-01
23,Scotland,scotland.svg.png,1994-07-01
25,Scotland,scotland.svg.png,1998-07-01
25,Scotland,scotland.svg.png,2002-07-01
25,Scotland,scotland.svg.png,2006-07-01
25,Scotland,scotland.svg.png,2010-07-01
25,Scotland,scotland.svg.png,2014-07-01
25,Scotland,scotland.svg.png,2018-07-01
0,Senegal,senegal.svg.png,1930-07-01
0,Senegal,senegal.svg.png,1934-07-01
0,Senegal,senegal.svg.png,1938-07-01
0,Senegal,senegal.svg.png,1950-07-01
0,Senegal,senegal.svg.png,1954-07-01
0,Senegal,senegal.svg.png,1958-07-01
0,Senegal,senegal.svg.png,1962-07-01
0,Senegal,senegal.svg.png,1966-07-01
0,Senegal,senegal.svg.png,1970-07-01
0,Senegal,senegal.svg.png,1974-07-01
0,Senegal,senegal.svg.png,1978-07-01
0,Senegal,senegal.svg.png,1982-07-01
0,Senegal,senegal.svg.png,1986-07-01
0,Senegal,senegal.svg.png,1990-07-01
0,Senegal,senegal.svg.png,1994-07-01
0,Senegal,senegal.svg.png,1998-07-01
7,Senegal,senegal.svg.png,2002-07-01
7,Senegal,senegal.svg.png,2006-07-01
7,Senegal,senegal.svg.png,2010-07-01
7,Senegal,senegal.svg.png,2014-07-01
11,Senegal,senegal.svg.png,2018-07-01
0,Serbia,serbia.svg.png,1930-07-01
0,Serbia,serbia.svg.png,1934-07-01
0,Serbia,serbia.svg.png,1938-07-01
0,Serbia,serbia.svg.png,1950-07-01
0,Serbia,serbia.svg.png,1954-07-01
0,Serbia,serbia.svg.png,1958-07-01
0,Serbia,serbia.svg.png,1962-07-01
0,Serbia,serbia.svg.png,1966-07-01
0,Serbia,serbia.svg.png,1970-07-01
0,Serbia,serbia.svg.png,1974-07-01
0,Serbia,serbia.svg.png,1978-07-01
0,Serbia,serbia.svg.png,1982-07-01
0,Serbia,serbia.svg.png,1986-07-01
0,Serbia,serbia.svg.png,1990-07-01
0,Serbia,serbia.svg.png,1994-07-01
0,Serbia,serbia.svg.png,1998-07-01
0,Serbia,serbia.svg.png,2002-07-01
2,Serbia,serbia.svg.png,2006-07-01
4,Serbia,serbia.svg.png,2010-07-01
4,Serbia,serbia.svg.png,2014-07-01
6,Serbia,serbia.svg.png,2018-07-01
0,Slovakia,slovakia.svg.png,1930-07-01
0,Slovakia,slovakia.svg.png,1934-07-01
0,Slovakia,slovakia.svg.png,1938-07-01
0,Slovakia,slovakia.svg.png,1950-07-01
0,Slovakia,slovakia.svg.png,1954-07-01
0,Slovakia,slovakia.svg.png,1958-07-01
0,Slovakia,slovakia.svg.png,1962-07-01
0,Slovakia,slovakia.svg.png,1966-07-01
0,Slovakia,slovakia.svg.png,1970-07-01
0,Slovakia,slovakia.svg.png,1974-07-01
0,Slovakia,slovakia.svg.png,1978-07-01
0,Slovakia,slovakia.svg.png,1982-07-01
0,Slovakia,slovakia.svg.png,1986-07-01
0,Slovakia,slovakia.svg.png,1990-07-01
0,Slovakia,slovakia.svg.png,1994-07-01
0,Slovakia,slovakia.svg.png,1998-07-01
0,Slovakia,slovakia.svg.png,2002-07-01
0,Slovakia,slovakia.svg.png,2006-07-01
5,Slovakia,slovakia.svg.png,2010-07-01
5,Slovakia,slovakia.svg.png,2014-07-01
5,Slovakia,slovakia.svg.png,2018-07-01
0,Slovenia,slovenia.svg.png,1930-07-01
0,Slovenia,slovenia.svg.png,1934-07-01
0,Slovenia,slovenia.svg.png,1938-07-01
0,Slovenia,slovenia.svg.png,1950-07-01
0,Slovenia,slovenia.svg.png,1954-07-01
0,Slovenia,slovenia.svg.png,1958-07-01
0,Slovenia,slovenia.svg.png,1962-07-01
0,Slovenia,slovenia.svg.png,1966-07-01
0,Slovenia,slovenia.svg.png,1970-07-01
0,Slovenia,slovenia.svg.png,1974-07-01
0,Slovenia,slovenia.svg.png,1978-07-01
0,Slovenia,slovenia.svg.png,1982-07-01
0,Slovenia,slovenia.svg.png,1986-07-01
0,Slovenia,slovenia.svg.png,1990-07-01
0,Slovenia,slovenia.svg.png,1994-07-01
0,Slovenia,slovenia.svg.png,1998-07-01
2,Slovenia,slovenia.svg.png,2002-07-01
2,Slovenia,slovenia.svg.png,2006-07-01
5,Slovenia,slovenia.svg.png,2010-07-01
5,Slovenia,slovenia.svg.png,2014-07-01
5,Slovenia,slovenia.svg.png,2018-07-01
0,South Africa,south_africa.svg.png,1930-07-01
0,South Africa,south_africa.svg.png,1934-07-01
0,South Africa,south_africa.svg.png,1938-07-01
0,South Africa,south_africa.svg.png,1950-07-01
0,South Africa,south_africa.svg.png,1954-07-01
0,South Africa,south_africa.svg.png,1958-07-01
0,South Africa,south_africa.svg.png,1962-07-01
0,South Africa,south_africa.svg.png,1966-07-01
0,South Africa,south_africa.svg.png,1970-07-01
0,South Africa,south_africa.svg.png,1974-07-01
0,South Africa,south_africa.svg.png,1978-07-01
0,South Africa,south_africa.svg.png,1982-07-01
0,South Africa,south_africa.svg.png,1986-07-01
0,South Africa,south_africa.svg.png,1990-07-01
0,South Africa,south_africa.svg.png,1994-07-01
3,South Africa,south_africa.svg.png,1998-07-01
8,South Africa,south_africa.svg.png,2002-07-01
8,South Africa,south_africa.svg.png,2006-07-01
11,South Africa,south_africa.svg.png,2010-07-01
11,South Africa,south_africa.svg.png,2014-07-01
11,South Africa,south_africa.svg.png,2018-07-01
0,South Korea,south_korea.svg.png,1930-07-01
0,South Korea,south_korea.svg.png,1934-07-01
0,South Korea,south_korea.svg.png,1938-07-01
0,South Korea,south_korea.svg.png,1950-07-01
0,South Korea,south_korea.svg.png,1954-07-01
0,South Korea,south_korea.svg.png,1958-07-01
0,South Korea,south_korea.svg.png,1962-07-01
0,South Korea,south_korea.svg.png,1966-07-01
0,South Korea,south_korea.svg.png,1970-07-01
0,South Korea,south_korea.svg.png,1974-07-01
0,South Korea,south_korea.svg.png,1978-07-01
0,South Korea,south_korea.svg.png,1982-07-01
4,South Korea,south_korea.svg.png,1986-07-01
5,South Korea,south_korea.svg.png,1990-07-01
9,South Korea,south_korea.svg.png,1994-07-01
11,South Korea,south_korea.svg.png,1998-07-01
19,South Korea,south_korea.svg.png,2002-07-01
22,South Korea,south_korea.svg.png,2006-07-01
28,South Korea,south_korea.svg.png,2010-07-01
31,South Korea,south_korea.svg.png,2014-07-01
34,South Korea,south_korea.svg.png,2018-07-01
0,Soviet Union,soviet_union.svg.png,1930-07-01
0,Soviet Union,soviet_union.svg.png,1934-07-01
0,Soviet Union,soviet_union.svg.png,1938-07-01
0,Soviet Union,soviet_union.svg.png,1950-07-01
0,Soviet Union,soviet_union.svg.png,1954-07-01
5,Soviet Union,soviet_union.svg.png,1958-07-01
14,Soviet Union,soviet_union.svg.png,1962-07-01
24,Soviet Union,soviet_union.svg.png,1966-07-01
30,Soviet Union,soviet_union.svg.png,1970-07-01
30,Soviet Union,soviet_union.svg.png,1974-07-01
30,Soviet Union,soviet_union.svg.png,1978-07-01
37,Soviet Union,soviet_union.svg.png,1982-07-01
49,Soviet Union,soviet_union.svg.png,1986-07-01
53,Soviet Union,soviet_union.svg.png,1990-07-01
53,Soviet Union,soviet_union.svg.png,1994-07-01
53,Soviet Union,soviet_union.svg.png,1998-07-01
53,Soviet Union,soviet_union.svg.png,2002-07-01
53,Soviet Union,soviet_union.svg.png,2006-07-01
53,Soviet Union,soviet_union.svg.png,2010-07-01
53,Soviet Union,soviet_union.svg.png,2014-07-01
53,Soviet Union,soviet_union.svg.png,2018-07-01
0,Spain,spain.svg.png,1930-07-01
4,Spain,spain.svg.png,1934-07-01
4,Spain,spain.svg.png,1938-07-01
14,Spain,spain.svg.png,1950-07-01
14,Spain,spain.svg.png,1954-07-01
14,Spain,spain.svg.png,1958-07-01
16,Spain,spain.svg.png,1962-07-01
20,Spain,spain.svg.png,1966-07-01
20,Spain,spain.svg.png,1970-07-01
20,Spain,spain.svg.png,1974-07-01
22,Spain,spain.svg.png,1978-07-01
26,Spain,spain.svg.png,1982-07-01
37,Spain,spain.svg.png,1986-07-01
43,Spain,spain.svg.png,1990-07-01
53,Spain,spain.svg.png,1994-07-01
61,Spain,spain.svg.png,1998-07-01
71,Spain,spain.svg.png,2002-07-01
80,Spain,spain.svg.png,2006-07-01
88,Spain,spain.svg.png,2010-07-01
92,Spain,spain.svg.png,2014-07-01
99,Spain,spain.svg.png,2018-07-01
0,Sweden,sweden.svg.png,1930-07-01
4,Sweden,sweden.svg.png,1934-07-01
15,Sweden,sweden.svg.png,1938-07-01
26,Sweden,sweden.svg.png,1950-07-01
26,Sweden,sweden.svg.png,1954-07-01
38,Sweden,sweden.svg.png,1958-07-01
38,Sweden,sweden.svg.png,1962-07-01
38,Sweden,sweden.svg.png,1966-07-01
40,Sweden,sweden.svg.png,1970-07-01
47,Sweden,sweden.svg.png,1974-07-01
48,Sweden,sweden.svg.png,1978-07-01
48,Sweden,sweden.svg.png,1982-07-01
48,Sweden,sweden.svg.png,1986-07-01
51,Sweden,sweden.svg.png,1990-07-01
66,Sweden,sweden.svg.png,1994-07-01
66,Sweden,sweden.svg.png,1998-07-01
71,Sweden,sweden.svg.png,2002-07-01
74,Sweden,sweden.svg.png,2006-07-01
74,Sweden,sweden.svg.png,2010-07-01
74,Sweden,sweden.svg.png,2014-07-01
80,Sweden,sweden.svg.png,2018-07-01
0,Switzerland,switzerland.svg.png,1930-07-01
5,Switzerland,switzerland.svg.png,1934-07-01
10,Switzerland,switzerland.svg.png,1938-07-01
14,Switzerland,switzerland.svg.png,1950-07-01
25,Switzerland,switzerland.svg.png,1954-07-01
25,Switzerland,switzerland.svg.png,1958-07-01
27,Switzerland,switzerland.svg.png,1962-07-01
28,Switzerland,switzerland.svg.png,1966-07-01
28,Switzerland,switzerland.svg.png,1970-07-01
28,Switzerland,switzerland.svg.png,1974-07-01
28,Switzerland,switzerland.svg.png,1978-07-01
28,Switzerland,switzerland.svg.png,1982-07-01
28,Switzerland,switzerland.svg.png,1986-07-01
28,Switzerland,switzerland.svg.png,1990-07-01
33,Switzerland,switzerland.svg.png,1994-07-01
33,Switzerland,switzerland.svg.png,1998-07-01
33,Switzerland,switzerland.svg.png,2002-07-01
37,Switzerland,switzerland.svg.png,2006-07-01
38,Switzerland,switzerland.svg.png,2010-07-01
45,Switzerland,switzerland.svg.png,2014-07-01
50,Switzerland,switzerland.svg.png,2018-07-01
0,Togo,togo.svg.png,1930-07-01
0,Togo,togo.svg.png,1934-07-01
0,Togo,togo.svg.png,1938-07-01
0,Togo,togo.svg.png,1950-07-01
0,Togo,togo.svg.png,1954-07-01
0,Togo,togo.svg.png,1958-07-01
0,Togo,togo.svg.png,1962-07-01
0,Togo,togo.svg.png,1966-07-01
0,Togo,togo.svg.png,1970-07-01
0,Togo,togo.svg.png,1974-07-01
0,Togo,togo.svg.png,1978-07-01
0,Togo,togo.svg.png,1982-07-01
0,Togo,togo.svg.png,1986-07-01
0,Togo,togo.svg.png,1990-07-01
0,Togo,togo.svg.png,1994-07-01
0,Togo,togo.svg.png,1998-07-01
0,Togo,togo.svg.png,2002-07-01
1,Togo,togo.svg.png,2006-07-01
1,Togo,togo.svg.png,2010-07-01
1,Togo,togo.svg.png,2014-07-01
1,Togo,togo.svg.png,2018-07-01
0,Trinidad and Tobago,trinidad_and_tobago.svg.png,1930-07-01
0,Trinidad and Tobago,trinidad_and_tobago.svg.png,1934-07-01
0,Trinidad and Tobago,trinidad_and_tobago.svg.png,1938-07-01
0,Trinidad and Tobago,trinidad_and_tobago.svg.png,1950-07-01
0,Trinidad and Tobago,trinidad_and_tobago.svg.png,1954-07-01
0,Trinidad and Tobago,trinidad_and_tobago.svg.png,1958-07-01
0,Trinidad and Tobago,trinidad_and_tobago.svg.png,1962-07-01
0,Trinidad and Tobago,trinidad_and_tobago.svg.png,1966-07-01
0,Trinidad and Tobago,trinidad_and_tobago.svg.png,1970-07-01
0,Trinidad and Tobago,trinidad_and_tobago.svg.png,1974-07-01
0,Trinidad and Tobago,trinidad_and_tobago.svg.png,1978-07-01
0,Trinidad and Tobago,trinidad_and_tobago.svg.png,1982-07-01
0,Trinidad and Tobago,trinidad_and_tobago.svg.png,1986-07-01
0,Trinidad and Tobago,trinidad_and_tobago.svg.png,1990-07-01
0,Trinidad and Tobago,trinidad_and_tobago.svg.png,1994-07-01
0,Trinidad and Tobago,trinidad_and_tobago.svg.png,1998-07-01
0,Trinidad and Tobago,trinidad_and_tobago.svg.png,2002-07-01
0,Trinidad and Tobago,trinidad_and_tobago.svg.png,2006-07-01
0,Trinidad and Tobago,trinidad_and_tobago.svg.png,2010-07-01
0,Trinidad and Tobago,trinidad_and_tobago.svg.png,2014-07-01
0,Trinidad and Tobago,trinidad_and_tobago.svg.png,2018-07-01
0,Tunisia,tunisia.svg.png,1930-07-01
0,Tunisia,tunisia.svg.png,1934-07-01
0,Tunisia,tunisia.svg.png,1938-07-01
0,Tunisia,tunisia.svg.png,1950-07-01
0,Tunisia,tunisia.svg.png,1954-07-01
0,Tunisia,tunisia.svg.png,1958-07-01
0,Tunisia,tunisia.svg.png,1962-07-01
0,Tunisia,tunisia.svg.png,1966-07-01
0,Tunisia,tunisia.svg.png,1970-07-01
0,Tunisia,tunisia.svg.png,1974-07-01
3,Tunisia,tunisia.svg.png,1978-07-01
3,Tunisia,tunisia.svg.png,1982-07-01
3,Tunisia,tunisia.svg.png,1986-07-01
3,Tunisia,tunisia.svg.png,1990-07-01
3,Tunisia,tunisia.svg.png,1994-07-01
4,Tunisia,tunisia.svg.png,1998-07-01
5,Tunisia,tunisia.svg.png,2002-07-01
8,Tunisia,tunisia.svg.png,2006-07-01
8,Tunisia,tunisia.svg.png,2010-07-01
8,Tunisia,tunisia.svg.png,2014-07-01
13,Tunisia,tunisia.svg.png,2018-07-01
0,Turkey,turkey.svg.png,1930-07-01
0,Turkey,turkey.svg.png,1934-07-01
0,Turkey,turkey.svg.png,1938-07-01
0,Turkey,turkey.svg.png,1950-07-01
10,Turkey,turkey.svg.png,1954-07-01
10,Turkey,turkey.svg.png,1958-07-01
10,Turkey,turkey.svg.png,1962-07-01
10,Turkey,turkey.svg.png,1966-07-01
10,Turkey,turkey.svg.png,1970-07-01
10,Turkey,turkey.svg.png,1974-07-01
10,Turkey,turkey.svg.png,1978-07-01
10,Turkey,turkey.svg.png,1982-07-01
10,Turkey,turkey.svg.png,1986-07-01
10,Turkey,turkey.svg.png,1990-07-01
10,Turkey,turkey.svg.png,1994-07-01
10,Turkey,turkey.svg.png,1998-07-01
20,Turkey,turkey.svg.png,2002-07-01
20,Turkey,turkey.svg.png,2006-07-01
20,Turkey,turkey.svg.png,2010-07-01
20,Turkey,turkey.svg.png,2014-07-01
20,Turkey,turkey.svg.png,2018-07-01
0,Ukraine,ukraine.svg.png,1930-07-01
0,Ukraine,ukraine.svg.png,1934-07-01
0,Ukraine,ukraine.svg.png,1938-07-01
0,Ukraine,ukraine.svg.png,1950-07-01
0,Ukraine,ukraine.svg.png,1954-07-01
0,Ukraine,ukraine.svg.png,1958-07-01
0,Ukraine,ukraine.svg.png,1962-07-01
0,Ukraine,ukraine.svg.png,1966-07-01
0,Ukraine,ukraine.svg.png,1970-07-01
0,Ukraine,ukraine.svg.png,1974-07-01
0,Ukraine,ukraine.svg.png,1978-07-01
0,Ukraine,ukraine.svg.png,1982-07-01
0,Ukraine,ukraine.svg.png,1986-07-01
0,Ukraine,ukraine.svg.png,1990-07-01
0,Ukraine,ukraine.svg.png,1994-07-01
0,Ukraine,ukraine.svg.png,1998-07-01
0,Ukraine,ukraine.svg.png,2002-07-01
5,Ukraine,ukraine.svg.png,2006-07-01
5,Ukraine,ukraine.svg.png,2010-07-01
5,Ukraine,ukraine.svg.png,2014-07-01
5,Ukraine,ukraine.svg.png,2018-07-01
0,United Arab Emirates,united_arab_emirates.svg.png,1930-07-01
0,United Arab Emirates,united_arab_emirates.svg.png,1934-07-01
0,United Arab Emirates,united_arab_emirates.svg.png,1938-07-01
0,United Arab Emirates,united_arab_emirates.svg.png,1950-07-01
0,United Arab Emirates,united_arab_emirates.svg.png,1954-07-01
0,United Arab Emirates,united_arab_emirates.svg.png,1958-07-01
0,United Arab Emirates,united_arab_emirates.svg.png,1962-07-01
0,United Arab Emirates,united_arab_emirates.svg.png,1966-07-01
0,United Arab Emirates,united_arab_emirates.svg.png,1970-07-01
0,United Arab Emirates,united_arab_emirates.svg.png,1974-07-01
0,United Arab Emirates,united_arab_emirates.svg.png,1978-07-01
0,United Arab Emirates,united_arab_emirates.svg.png,1982-07-01
0,United Arab Emirates,united_arab_emirates.svg.png,1986-07-01
2,United Arab Emirates,united_arab_emirates.svg.png,1990-07-01
2,United Arab Emirates,united_arab_emirates.svg.png,1994-07-01
2,United Arab Emirates,united_arab_emirates.svg.png,1998-07-01
2,United Arab Emirates,united_arab_emirates.svg.png,2002-07-01
2,United Arab Emirates,united_arab_emirates.svg.png,2006-07-01
2,United Arab Emirates,united_arab_emirates.svg.png,2010-07-01
2,United Arab Emirates,united_arab_emirates.svg.png,2014-07-01
2,United Arab Emirates,united_arab_emirates.svg.png,2018-07-01
7,United States,united_states.svg.png,1930-07-01
8,United States,united_states.svg.png,1934-07-01
8,United States,united_states.svg.png,1938-07-01
12,United States,united_states.svg.png,1950-07-01
12,United States,united_states.svg.png,1954-07-01
12,United States,united_states.svg.png,1958-07-01
12,United States,united_states.svg.png,1962-07-01
12,United States,united_states.svg.png,1966-07-01
12,United States,united_states.svg.png,1970-07-01
12,United States,united_states.svg.png,1974-07-01
12,United States,united_states.svg.png,1978-07-01
12,United States,united_states.svg.png,1982-07-01
12,United States,united_states.svg.png,1986-07-01
14,United States,united_states.svg.png,1990-07-01
17,United States,united_states.svg.png,1994-07-01
18,United States,united_states.svg.png,1998-07-01
25,United States,united_states.svg.png,2002-07-01
27,United States,united_states.svg.png,2006-07-01
32,United States,united_states.svg.png,2010-07-01
37,United States,united_states.svg.png,2014-07-01
37,United States,united_states.svg.png,2018-07-01
15,Uruguay,uruguay.svg.png,1930-07-01
15,Uruguay,uruguay.svg.png,1934-07-01
15,Uruguay,uruguay.svg.png,1938-07-01
30,Uruguay,uruguay.svg.png,1950-07-01
46,Uruguay,uruguay.svg.png,1954-07-01
46,Uruguay,uruguay.svg.png,1958-07-01
50,Uruguay,uruguay.svg.png,1962-07-01
52,Uruguay,uruguay.svg.png,1966-07-01
56,Uruguay,uruguay.svg.png,1970-07-01
57,Uruguay,uruguay.svg.png,1974-07-01
57,Uruguay,uruguay.svg.png,1978-07-01
57,Uruguay,uruguay.svg.png,1982-07-01
59,Uruguay,uruguay.svg.png,1986-07-01
61,Uruguay,uruguay.svg.png,1990-07-01
61,Uruguay,uruguay.svg.png,1994-07-01
61,Uruguay,uruguay.svg.png,1998-07-01
65,Uruguay,uruguay.svg.png,2002-07-01
65,Uruguay,uruguay.svg.png,2006-07-01
76,Uruguay,uruguay.svg.png,2010-07-01
80,Uruguay,uruguay.svg.png,2014-07-01
87,Uruguay,uruguay.svg.png,2018-07-01
0,Wales,wales.svg.png,1930-07-01
0,Wales,wales.svg.png,1934-07-01
0,Wales,wales.svg.png,1938-07-01
0,Wales,wales.svg.png,1950-07-01
0,Wales,wales.svg.png,1954-07-01
4,Wales,wales.svg.png,1958-07-01
4,Wales,wales.svg.png,1962-07-01
4,Wales,wales.svg.png,1966-07-01
4,Wales,wales.svg.png,1970-07-01
4,Wales,wales.svg.png,1974-07-01
4,Wales,wales.svg.png,1978-07-01
4,Wales,wales.svg.png,1982-07-01
4,Wales,wales.svg.png,1986-07-01
4,Wales,wales.svg.png,1990-07-01
4,Wales,wales.svg.png,1994-07-01
4,Wales,wales.svg.png,1998-07-01
4,Wales,wales.svg.png,2002-07-01
4,Wales,wales.svg.png,2006-07-01
4,Wales,wales.svg.png,2010-07-01
4,Wales,wales.svg.png,2014-07-01
4,Wales,wales.svg.png,2018-07-01
7,Yugoslavia,yugoslavia.svg.png,1930-07-01
7,Yugoslavia,yugoslavia.svg.png,1934-07-01
7,Yugoslavia,yugoslavia.svg.png,1938-07-01
14,Yugoslavia,yugoslavia.svg.png,1950-07-01
16,Yugoslavia,yugoslavia.svg.png,1954-07-01
23,Yugoslavia,yugoslavia.svg.png,1958-07-01
33,Yugoslavia,yugoslavia.svg.png,1962-07-01
33,Yugoslavia,yugoslavia.svg.png,1966-07-01
33,Yugoslavia,yugoslavia.svg.png,1970-07-01
45,Yugoslavia,yugoslavia.svg.png,1974-07-01
45,Yugoslavia,yugoslavia.svg.png,1978-07-01
47,Yugoslavia,yugoslavia.svg.png,1982-07-01
47,Yugoslavia,yugoslavia.svg.png,1986-07-01
55,Yugoslavia,yugoslavia.svg.png,1990-07-01
55,Yugoslavia,yugoslavia.svg.png,1994-07-01
60,Yugoslavia,yugoslavia.svg.png,1998-07-01
60,Yugoslavia,yugoslavia.svg.png,2002-07-01
60,Yugoslavia,yugoslavia.svg.png,2006-07-01
60,Yugoslavia,yugoslavia.svg.png,2010-07-01
60,Yugoslavia,yugoslavia.svg.png,2014-07-01
60,Yugoslavia,yugoslavia.svg.png,2018-07-01
